index,firm,q,medium firm,big firm,epsp,profit margin,book/market,short leverage,f1 stock return
1,AAWW,2022q1,1,0,0.0323025625076613,0.0785908773607827,0.0901210289380681,0.1047854781569936,-0.0939656438114814
2,ABM,2022q1,1,0,0.0246861338013345,0.0392521433736184,-0.620569791399868,0.0138737818819507,-0.0082188494686806
3,ABNB,2022q1,0,1,-0.0001726576440909,-0.0124538002580624,-3.1343839890316683,0.0037217222286603,-0.4183100430978189
5,ACCD,2022q1,1,0,-0.0293896230609961,-0.368573744613678,-0.3176651275728702,0.0051255164216443,-0.8637451666359787
6,ACHC,2022q1,0,1,0.0103266274678596,0.0986567810421744,-0.827813181333237,0.0096015441897523,0.0777689243027887
7,ACIW,2022q1,1,0,0.0042750439539028,0.0479447814782716,-1.0847313001705148,0.015816498958867,-0.3029079159935379
8,ACM,2022q1,0,1,0.0038278314242785,0.0129313697972839,-1.410338855728209,0.0038227723441713,0.0340514740104513
9,ACVA,2022q1,1,0,-0.0127446322881454,-0.286178625139475,-1.4671781273482445,0.0013665651634776,-0.7448302770191182
10,ADBE,2022q1,0,1,0.0058807011969735,0.2970436414828719,-2.7490862416784907,0.0227902679396365,-0.3749402363226555
11,ADP,2022q1,0,1,0.0097146701867322,0.2057389762907157,-3.126540628777561,0.8240525280949547,0.0774613719871902
12,ADSK,2022q1,0,1,0.0019128395969987,0.0735391218223836,-4.004748810440018,0.050692475716875,-0.4108941418293935
13,ADT,2022q1,0,1,0.0088711191352222,0.0334326591992086,-0.5736676047483965,0.0074266603842858,-0.4191364250114651
14,ADUS,2022q1,1,0,0.0056915839899859,0.0373730331724277,-0.932356318671692,0.0,-0.045392022008253
15,AGL,2022q1,0,1,0.0001209456573119,0.0018823313362256,-2.213738355324837,0.0026951112299355,-0.4619176731575056
16,AGTI,2022q1,1,0,0.0071899132392851,0.0675578378231514,-1.0945001421311125,0.0294468493656274,-0.0621856424325559
17,AGYS,2022q1,0,0,0.0020109423670393,0.0425705571545169,-2.315007166729892,0.0235942884358569,-0.1688060488834182
18,AI,2022q1,1,0,-0.0163365972462153,-0.5653619594972267,-0.8552247527255235,0.0,-0.707980169518631
20,AINC,2022q1,0,0,0.0175662951297223,0.0070767921528228,1.4389315870015835,0.0232446652324766,-0.3851936619718309
22,AIRT,2022q1,0,0,0.0664011428177544,0.0844917083033613,-0.93414464155148,0.0381745576809136,-0.3338729259409146
23,AKAM,2022q1,0,1,0.0062246303922307,0.1318689709587925,-1.493241827235292,0.0311619565019733,-0.2167238421955402
24,ALF,2022q1,0,0,-0.199525861705105,-83.60743167768618,-1.9408176116118148,0.0131096814088734,-0.920516304347826
25,ALGT,2022q1,1,0,-0.0026795074248188,-0.01575856463291,-0.8780907611741284,0.0377579576046607,-0.417061855670103
26,ALK,2022q1,0,1,-0.0195778312259535,-0.0850684116597263,-0.6972875980498918,0.0396903589021815,-0.3359310230475875
27,ALKT,2022q1,1,0,-0.0103551580894611,-0.2993078812234874,-1.3308259473674382,0.0043513273288884,-0.6105971404541631
28,ALR,2022q1,0,0,-0.1387415940783325,-0.0561963232703603,0.8944488087980793,0.0045072767170277,-0.7916666666666666
29,ALRM,2022q1,1,0,0.0027148560034745,0.04419359706382,-1.781713224116823,0.0085353407522922,-0.2696576151121606
30,ALTR,2022q1,0,1,0.002256820134526,0.0721487536064988,-2.11140141193444,0.2082888620345949,-0.2387994780339278
31,AM,2022q1,0,1,0.0154148029515016,0.3663308786174259,-0.8318537722705267,0.0,-0.050273261214135
33,AMCX,2022q1,1,0,0.0605131686178412,0.146299200878458,-0.566627100188118,0.0125442324810156,-0.5640718562874251
34,AMED,2022q1,0,1,0.0056516440260082,0.0580845362828904,-1.703013316017537,0.0231661000465313,-0.5708161515535051
35,AMN,2022q1,1,0,0.0300052187991896,0.0940447190342523,-1.5044664562612244,0.0027589735128692,0.1312641781810681
37,AMS,2022q1,0,0,0.0190043420329418,0.0554982463379409,0.5575687340951028,0.0454637894023274,-0.2423208191126279
38,AMST,2022q1,0,0,-0.1510474895113316,-10.577185796358032,-0.3896307298130432,0.0,-0.8327272727272728
39,AMSWA,2022q1,0,0,0.0042039551650984,0.0906791684658565,-1.6758658399560356,0.0032464391292663,-0.2491839514407186
40,AMWL,2022q1,1,0,-0.063178611717037,-1.0903755137626103,0.0865603525696456,0.0019555029453707,-0.656597774244833
41,ANGI,2022q1,1,0,-0.0117395874909193,-0.0765546509415144,-0.9369440218401434,0.0,-0.6612426035502958
42,ANSS,2022q1,0,1,0.0025619476619432,0.1670003317046088,-1.8483652343232075,0.0015074713584571,-0.310522676194318
43,APDN,2022q1,0,0,-0.1097785423051588,-0.2860913956266079,-0.7396076568315824,0.0,-0.8912812960235641
44,APEI,2022q1,0,0,0.0133156590069552,0.0344627036388427,0.055071484521827,0.030030722961849,-0.4297812279463655
45,APP,2022q1,0,1,-0.0055688406999547,-0.1842870642335323,-2.330701656377458,0.0073771000842684,-0.541838499401357
46,APPF,2022q1,1,0,-0.0036222499878235,-0.1356841665400395,-2.614472916390138,0.0,-0.3580736543909348
47,APPN,2022q1,1,0,-0.0052703753918354,-0.2026324540983319,-2.8957644152491437,0.0161886359158867,-0.6561887477313975
48,ARCB,2022q1,1,0,0.03513373780343,0.0521087220633463,-0.7001284055895612,0.0515423141341875,0.2145910078076018
49,ARKR,2022q1,0,0,0.0160829486182009,0.0266508361541959,-0.1923511015168555,0.0750409815070949,-0.0816290925934432
50,ARMK,2022q1,0,1,0.0037023380100399,0.0092598708622574,-1.2013701220673798,0.0091694758111212,-0.1671624444911925
51,AROC,2022q1,1,0,0.0012011586798406,0.0087271362721284,-0.4962143705761283,0.0,-0.0060452479622711
52,ASAN,2022q1,0,1,-0.0119102100778113,-0.8043752065672761,-3.613377851230208,0.017782712312686,-0.7165887473802999
53,ASGN,2022q1,0,1,0.0110922255454618,0.0612282309807516,-1.1699480870855083,0.0065879926672777,-0.0689157123697514
54,ASUR,2022q1,0,0,-0.0253084981882271,-0.1239879998356141,0.2618371845012627,0.5370368312130582,-0.3573844419391205
55,ATEX,2022q1,1,0,-0.0103552098251803,-32.886567164179105,-1.7423575133456333,0.0054379882320783,-0.3153858976496083
56,ATGE,2022q1,1,0,0.2364163450274526,0.9568380544987596,0.0077657172232118,0.0145901900263183,0.0092592592592592
57,ATNI,2022q1,0,0,-0.0015151360829839,-0.0055110191316075,0.10298851010063,0.0163298457855532,0.0475894694885145
58,ATSG,2022q1,1,0,0.0200569835840649,0.1024904293417857,-0.6062645418288813,0.0059237665310081,0.2367628067154541
60,ATVI,2022q1,0,1,0.0063276430965485,0.2234162895927602,-1.2530194211462828,0.0,-0.1793502971642222
61,AUD,2022q1,0,0,-0.0265896643741074,-0.0402223069797853,0.4350537362046865,0.0117891298778925,-0.7813921113689094
62,AUTO,2022q1,0,0,-0.1326939287671182,-0.2259232060428032,-1.2865120505958902,0.3335357829739852,-0.8781730769230769
64,AVAH,2022q1,0,0,0.0402167179217248,0.0562310502647968,0.055617248438503,0.0683009340374212,-0.8172999191592563
67,AVLR,2022q1,0,1,-0.0037396955579377,-0.1591795824573412,-2.1284202969190336,0.0044309930892665,-0.5636588380716935
68,AVYA,2022q1,1,0,-0.0009293368720023,-0.0013966480446927,-0.6477596388694695,0.0,-0.916728624535316
69,AWRE,2022q1,0,0,-0.0196991133704767,-0.2725916453537937,-0.4676956917783048,0.0,-0.3567567567567568
70,AWX,2022q1,0,0,-0.0988204462267396,-0.0881962401285904,1.0830419436224044,0.0231005050055334,-0.4456289978678038
71,AYRO,2022q1,0,0,-0.0969136341602859,-4.458955141175516,0.3854537407820118,0.0024681134774614,-0.8282991803278688
72,AYX,2022q1,1,0,-0.0218201528621921,-0.6683951602180561,-3.0436128636554907,0.0570513202518067,-0.4371076493838641
73,AZPN,2022q1,0,1,0.0068145640650881,0.4001161099955793,-2.6551440379817164,0.0239816019643494,0.3354660462410936
74,BAH,2022q1,0,1,0.0077633696340626,0.0406031788017922,-2.414384035487964,0.0200334407919576,0.0818191480813235
75,BAND,2022q1,0,0,-0.0083455138830485,-0.0518711366888949,-1.1776191649059091,0.0068374381993481,-0.8635440835266822
77,BBGI,2022q1,0,0,-0.0723195095267437,-0.0671020456110497,1.6134501116822813,0.0102681497058043,-0.5570934256055363
78,BBQ,2022q1,0,0,0.0048246314309057,0.0119500186962482,-0.8872673593339091,0.0687266496801527,-0.4510010537407798
79,BBSI,2022q1,0,0,0.0005008496559557,0.0011689497716894,-1.1302127043549477,0.0084166436163907,0.0198584633887249
80,BCO,2022q1,1,0,0.0220518717773509,0.0663873370577281,-2.1682918012975594,0.0231288258208124,-0.2003526490856612
81,BCOV,2022q1,0,0,-0.0050849282574243,-0.0306674909608647,-1.1682299121731543,0.0130022390296362,-0.5595818815331011
82,BDL,2022q1,0,0,0.0257384090226371,0.0411604264815274,0.0984266856499399,0.040781413045793,-0.2336836269395606
83,BFAM,2022q1,0,1,0.0024670622016999,0.0421494801361398,-1.903410907279604,0.0295348823621228,-0.4254639385493849
85,BGSF,2022q1,0,0,0.1150748593832826,0.2305114684480919,-0.4091973054806643,0.0146013058850188,0.0413825404058099
86,BH,2022q1,0,0,-0.0009056081758693,-0.0034906058192381,0.5792886244383817,0.0192548659259878,-0.230576283940553
87,BIGC,2022q1,1,0,-0.0232604829633198,-0.5607418622255866,-2.6735552230566784,0.0055269891647087,-0.7504621072088724
88,BILL,2022q1,0,1,-0.0036915005174522,-0.5195583274918969,-1.7534223633814925,0.1268756323610308,-0.399825308439786
89,BIOC,2022q1,0,0,-0.0708066497569882,-0.1387816495362246,-0.0542260078971827,0.0237311119721038,-0.7756563245823389
90,BJRI,2022q1,0,0,0.0022035603810424,0.0048873728362495,-0.6740719122947011,0.0387967374468168,-0.5588115588115589
91,BKD,2022q1,1,0,-0.076442500096019,-0.1475509722345165,-0.7807893650685885,0.0610234159711782,-0.4253164556962026
92,BKI,2022q1,0,1,0.0404892964135062,0.9416322314049588,-1.301267104602081,0.0056368837287565,-0.1614516542703257
93,BKNG,2022q1,0,1,-0.0072899410949405,-0.2597402597402597,-3.089135596879767,0.0595514653323802,-0.2006773030359812
94,BL,2022q1,1,0,-0.0023080883951978,-0.0832612528693569,-4.183427862258536,0.0030103249332969,-0.4014559180372068
95,BLIN,2022q1,0,0,0.0177525414307426,0.0840417779936847,0.026422003437266,0.0222332178789378,-0.7209302325581395
96,BLKB,2022q1,1,0,-0.0033449884738299,-0.0404746348065524,-1.4845019655711007,0.0068916272967177,-0.2416089852422619
97,BLMN,2022q1,1,0,0.0384867596091284,0.0662066486341936,-1.9006699864343763,0.0035025766727144,-0.3798832648612248
100,BMBL,2022q1,1,0,0.0043697678290449,0.0776282084668961,-0.4023244733020993,0.0006818777036003,-0.5112847222222222
103,BOXL,2022q1,0,0,-0.0617600136714489,-0.0959626899590933,-0.5036477092314101,0.0573023467760309,-0.717759336099585
104,BR,2022q1,0,1,0.0097125517288237,0.1151463780400339,-2.301082445739792,0.0,-0.1027998942707169
107,BSQR,2022q1,0,0,-0.0251263168351436,-0.0912453760789149,0.0789045703515021,0.0075546551869671,-0.7358490566037736
108,BSY,2022q1,0,1,0.0044957759686791,0.2046625072137109,-3.310762111534277,0.006954050957112,-0.4845649972991685
110,BWMN,2022q1,0,0,0.0070432000103196,0.0277730123329711,-0.7463804862295608,0.0621598749760638,-0.1090252707581227
111,BYD,2022q1,0,1,0.0225157007627203,0.1892876270849719,-1.540114389094032,0.0070900835463856,-0.1868614484747273
112,CABO,2022q1,0,1,0.0193259451216457,0.4018409939867737,-1.5222948994379228,0.0061937632733762,-0.3213809321668428
113,CACI,2022q1,0,1,0.0135320842465684,0.0602387656409803,-0.8677047351439644,0.0046565559974996,0.1044998432110378
114,CAKE,2022q1,1,0,0.0110371129676795,0.0291832029330611,-1.7760122789315156,0.0526432950666021,-0.5084112114317559
115,CALX,2022q1,1,0,0.0029362742485322,0.0438988256158487,-1.5416435688411918,0.0,-0.2812631578947368
116,CARG,2022q1,1,0,-0.0123856775751211,-0.1441914688068963,-2.3780524127235823,0.0132194268374559,-0.1807091117041556
118,CBRL,2022q1,1,0,0.0136437273043465,0.04363417066778,-1.5183711772139712,0.0,-0.4159530859122423
119,CBZ,2022q1,1,0,0.026544286432932,0.1483883978944251,-1.0584526133592995,0.1212513719829246,0.2194079951174854
120,CCL,2022q1,0,1,-0.094594417678926,-1.1663585951940851,-0.6631084000933375,0.096694881852818,-0.6718512898330805
123,CCRD,2022q1,0,0,0.0365476857417758,0.3570252017789491,-1.5525331140801573,0.0,-0.2240940877304514
124,CCRN,2022q1,0,0,0.075146634746615,0.0785856285785285,-0.8400383321581131,0.0063026906465713,0.2616596002422772
125,CDAY,2022q1,0,1,-0.0026361068851107,-0.0934197067848619,-1.5800602584029872,0.0017631900176319,-0.5091743119266056
126,CDLX,2022q1,1,0,0.017808576587677,0.4863679189730303,-0.9581192002674476,0.0050756226348889,-0.8242338296698968
127,CDNA,2022q1,1,0,-0.0100173345437724,-0.2474060642691649,-1.455540729319149,0.0,-0.7652972027972027
128,CDNS,2022q1,0,1,0.0051596469824587,0.2609712497477172,-2.8048448861732505,0.0,0.0965502119573162
130,CERT,2022q1,1,0,0.0006444185936098,0.0270996063812828,-1.1851293278542618,0.0052533931066882,-0.2424991175432403
131,CEVA,2022q1,0,0,-0.0017980509423784,-0.0493152278212323,-1.2214193019184283,0.0093988777459407,-0.2904862579281183
132,CFLT,2022q1,0,1,-0.0100963395666705,-0.8957340711437383,-2.594143962248631,0.0036850038036661,-0.5107368421052632
133,CHDN,2022q1,0,1,0.0049836630962174,0.1156275748420763,-3.280215583434614,0.0023049820540682,-0.0309746025254275
134,CHE,2022q1,0,1,0.0084633360473176,0.1209483007224591,-2.431184410072175,0.0297574510418094,-0.0077732044924214
135,CHGG,2022q1,1,0,0.0011736802492461,0.0283914479539566,-1.80021188376301,0.0,-0.7740344122247623
136,CHH,2022q1,0,1,0.0085557390651726,0.261482110915814,-3.220219444189081,0.1097783601449878,-0.054226865951648
137,CHNG,2022q1,0,1,0.0010427508118852,0.0077054245536776,-0.7301672806092159,0.0031947662697036,0.0008680555555555
138,CHRA,2022q1,0,0,-0.0722234094421706,-0.1822833870796808,-3.127529566641312,0.0529531441512627,-0.2594059405940593
139,CHRW,2022q1,0,1,0.0194875001266512,0.0396640058991017,-1.8901436342913265,0.0938984526423357,0.1056205296363433
140,CHTR,2022q1,0,1,0.013137483271486,0.0911363636363636,-1.748021670202664,0.0315600077805874,-0.3505717651950933
141,CHUY,2022q1,0,0,0.0107612565751974,0.0549131222259817,-0.7254465750904286,0.0278087481686947,-0.4653784219001609
143,CLH,2022q1,0,1,0.0074605971537561,0.0387594313276178,-1.3382127813264053,0.0112888750889106,-0.0587287953618209
144,CLVT,2022q1,0,1,0.0060700730095253,0.1049531863485351,0.0224528985443127,0.0030946580428187,-0.4965492190337813
145,CMCSA,2022q1,0,1,0.0169196469051915,0.1144792002579812,-0.7819625423345411,0.0077241912768084,-0.2984317032688282
146,CMG,2022q1,0,1,0.0035694101970046,0.0783424620856118,-3.0340742836712047,0.0345282397158486,-0.1567914134963943
147,CNK,2022q1,1,0,-0.0357631682929446,-0.1606948968512486,-1.9331213550241155,0.052007244790319,-0.3157175398633257
148,CNNE,2022q1,1,0,-0.1196860358813756,-1.4790919952210275,0.385802684778821,0.0072723108197096,-0.4296667649660866
149,CNSL,2022q1,0,0,-0.1725515070418196,-0.3851897241889183,-0.4424230500851625,0.0120705403054083,-0.2036405005688281
150,CNTY,2022q1,0,0,0.0006157904594529,0.002114390463905,-0.8402922597150444,0.0111137297438503,-0.4638868205510051
151,CNVY,2022q1,0,0,-0.002410746606972,-0.0119328287215121,0.1165174624445049,0.0075130873486417,-0.086115992970123
152,COMP,2022q1,1,0,-0.0580425219358493,-0.1345740873299928,-1.3915581604371725,0.0672458731537793,-0.7252663622526637
153,COUP,2022q1,0,1,-0.012585205644832,-0.4967045701455783,-2.144472865777629,0.0045092993534029,-0.782152531379955
154,COUR,2022q1,1,0,-0.0115905298723234,-0.3177534396718507,-1.510939402569088,0.0085123101100052,-0.6415571374732776
155,CPHC,2022q1,0,0,0.0163224986302157,0.1300716074208099,-0.5063325492587071,0.000585060124936,0.7830759448973973
156,CPSI,2022q1,0,0,0.016106022142081,0.1041851266838746,-0.7806862035161112,0.0110439897349715,-0.0379175443876015
157,CRAI,2022q1,0,0,0.0183243584879118,0.0770039492660834,-1.0920052716864672,0.1361969493974678,0.0575955653126872
158,CRL,2022q1,0,1,0.0064884631730073,0.1017825235877185,-1.701582170463082,0.0003734249755726,-0.4215776384083045
159,CRM,2022q1,0,1,-0.0001332084979409,-0.0038220038220038,-1.285345150343841,0.0072052011889632,-0.3243541982232776
160,CRNC,2022q1,1,0,-0.0003366543605383,-0.0055169216504404,-0.2916967804511955,0.0080216055310723,-0.763564801799269
161,CRWD,2022q1,0,1,-0.0008011027563191,-0.0973991322707129,-3.922007574541304,0.0027139209497286,-0.3292746010902869
162,CSGP,2022q1,0,1,0.0033948139644046,0.1731556244850482,-1.5125621258096669,0.0044336061364805,-0.2705868147790388
163,CSGS,2022q1,1,0,0.0029726847561063,0.0231202723146747,-1.6024260807700572,0.2112520658557208,0.2889906289105894
164,CSPI,2022q1,0,0,0.0043703718952275,0.0130206159752942,-0.0443331654528974,0.0252096525757316,-0.1382575757065593
165,CSTL,2022q1,1,0,-0.0216006461126243,-0.9169894235066288,-1.053930747259492,0.0026978680317263,-0.7006682121914632
166,CSV,2022q1,0,0,0.0200666783953078,0.1670928372775338,-1.9184311819947508,0.0024526644238271,0.0833278305086295
167,CSX,2022q1,0,1,0.0105494513869524,0.2516847348373864,-1.819857094695736,0.0078364481360624,-0.083594580133825
168,CTG,2022q1,0,0,0.0149450862527817,0.0250511647673261,-0.4516861454020303,0.0346428970604671,-0.1147880041365046
169,CTSH,2022q1,0,1,0.0119698000388495,0.1166597596353087,-1.3682386991668232,0.0133073305036136,-0.0128262506746318
170,CTXS,2022q1,0,1,0.0047547005983563,0.0729785857430531,-2.947701660385709,0.2509000249909852,-0.1646128094714286
171,CVEO,2022q1,0,0,0.0042331718834566,0.0085104841922282,0.1131072515628258,0.0458598650411383,0.4533707865168539
172,CVLG,2022q1,0,0,0.0612194205625661,0.0760224291373013,-0.0089018631733077,0.0383747759703909,0.2199185093142441
173,CVLT,2022q1,1,0,0.0027018168375001,0.0387863014629835,-2.4472619925061023,0.0058548181550828,-0.1953434821542791
175,CWST,2022q1,1,0,0.000929827532801,0.0179039170693979,-2.337751204537709,0.0144968786606588,0.1458300488727732
176,CXM,2022q1,1,0,-0.011224110070433,-0.2527899399997051,-1.7788766134819978,0.0,-0.5089849441476445
179,CZR,2022q1,0,1,-0.0410514231289474,-0.2966841186736474,-1.460233647522196,0.0082270115717638,-0.6308433734939759
180,DAL,2022q1,0,1,-0.0370554397190093,-0.1005562687205819,-2.1378569336254025,0.0401366816727233,-0.3303282478039759
181,DALN,2022q1,0,0,-0.0705679572898381,-0.0728635599526001,0.0453832800335874,0.0,-0.0394249237990645
182,DASH,2022q1,0,1,-0.0040900962352563,-0.1146978021978021,-2.1721280785799078,0.0045441219583699,-0.6401614983457635
185,DCT,2022q1,1,0,-0.0003008234143219,-0.0115025255829778,-1.378455161928095,0.0049598214121982,-0.6586991496207768
186,DDD,2022q1,1,0,-0.0125216696092211,-0.2014947256035669,-0.9510043959788024,0.0055085648592192,-0.7573179884913686
187,DDOG,2022q1,0,1,0.000204803988575,0.0268242294025287,-3.751219177897149,0.0080347487065122,-0.084934665641814
189,DGX,2022q1,0,1,0.021714422363938,0.1359632324779777,-0.9355021265605608,0.011605415860735,0.0262440575386606
191,DHX,2022q1,0,0,0.0043805970859083,0.0378924681074153,-1.009675866365781,0.0106120769288018,0.4704142011834319
193,DIS,2022q1,0,1,0.0018821224450793,0.0244168528235233,-0.970051634211852,0.0266679179859029,-0.4629345166979575
194,DISH,2022q1,0,1,0.0258406282842387,0.0999050944206603,-0.0466217481595347,0.0781631072062377,-0.5710526315789474
195,DJCO,2022q1,0,0,-0.0645644369403886,-2.5952225436222824,-0.6115311536762683,0.0003845266476966,-0.235450516986706
197,DLHC,2022q1,0,0,0.0296827691815029,0.0660355661045639,-1.077097332594794,0.0113203306190422,0.3047945205479452
198,DLPN,2022q1,0,0,-0.0191541710417572,-0.0863539943064956,-0.5151546792564817,0.0633294883633788,-0.6616702355460385
199,DMRC,2022q1,0,0,-0.038122708549563,-2.3992713533936043,-1.8750565446584249,0.0,-0.577910447761194
200,DNB,2022q1,0,1,-0.0041434856843516,-0.0583955223880597,-0.7113453745114636,0.0033173720732053,-0.2966775854000936
201,DOCN,2022q1,0,1,-0.002911125788216,-0.1423343045858301,-2.6776689958440696,0.0,-0.2559812915992085
202,DOCS,2022q1,0,1,0.0036852972465121,0.3921497442687367,-2.428566141307809,0.0006475971824478,-0.4017182130584192
203,DOCU,2022q1,0,1,-0.0014291526367775,-0.0524165501663142,-4.347996831273102,0.0147186538987472,-0.7947562327860643
206,DRI,2022q1,0,1,0.0148943850884964,0.1008616113357017,-1.981687961915352,0.0,-0.2011365296625225
207,DRVN,2022q1,1,0,0.0078242567552643,0.0735453949517747,-0.9641812639512354,0.003907547849981,-0.1093143596377749
209,DSP,2022q1,0,0,-0.0080121350632997,-0.0748786037673883,-0.3658679740851671,0.0048912777787783,-0.829415715245131
210,DT,2022q1,0,1,6.902664364999818e-05,0.0036779697923471,-2.3338377393270617,0.0050265414294202,-0.3248887367339952
212,DV,2022q1,1,0,0.0011184780411805,0.0473413769217249,-1.6156888141684445,0.0071824812076012,-0.4645725082664147
213,DVA,2022q1,0,1,0.0148838287066147,0.0575399592909455,-2.369916679760777,0.0342265264665965,-0.3360458357552106
214,DXC,2022q1,0,1,0.0664384116057861,0.1322355289421157,-0.3948430552708085,0.0639555092109836,-0.2216230097586029
215,EA,2022q1,0,1,0.0063242343681297,0.1232876712328767,-1.5402791009413666,0.0,-0.1497697258585962
217,EB,2022q1,1,0,-0.0126204591904922,-0.3254586129753915,-2.170511678283497,0.0043087631732313,-0.4594736842105263
218,EBAY,2022q1,0,1,-0.0398609999397338,-0.5400724929520742,-1.5621776507024443,0.0763707571801566,-0.3984099248507724
219,EBET,2022q1,0,0,-0.1237274383568058,-0.6231293892652937,-0.8512019745667991,0.024506982415979,-0.8860398860398861
220,EBIX,2022q1,1,0,0.0187321652654443,0.0670420921352789,-0.3733894729763239,0.4170801765875928,-0.4963497167897569
221,ECOL,2022q1,1,0,-0.0059795465053754,-0.0374387916009627,-0.8713936175950413,0.0116233099628135,0.2790511727078891
222,ECOM,2022q1,0,0,0.0036463589987949,0.043123625789063,-0.9613092565137192,0.0,-0.405140758873929
223,EDR,2022q1,0,1,0.0156924128282256,0.2168231934171234,-2.0116504144657124,0.0125498849541793,-0.2580295922049802
225,EFX,2022q1,0,1,0.0076624753877495,0.1627053990610328,-2.017082163921457,0.1178138469236373,-0.2317933133842349
226,EGAN,2022q1,0,0,-0.0016863336432843,-0.0257279116465863,-1.8690995090772256,0.0091734451096432,-0.1506968641114983
227,EGHT,2022q1,1,0,-0.0305962924697692,-0.2513177337185453,-2.100373683476029,0.0170114735440551,-0.8144812680115273
228,EGIO,2022q1,0,0,-0.0271849446357645,-0.3307855553063372,-1.6518320623307805,0.0056973949197687,-0.2666666666666666
229,EGLE,2022q1,0,0,0.0571561469501875,0.2878176552891029,-0.2914976086233566,0.0576825648317072,0.2285684986207886
230,EHC,2022q1,0,1,0.0123743972714577,0.0656118776244751,-1.0605744414369265,0.0116935483870967,-0.2731162451854926
232,ENG,2022q1,0,0,-0.0790395127148538,-0.4914471897909313,-0.622551750410843,0.0381458884509475,-0.6858085808580858
233,ENSG,2022q1,1,0,0.0101526120222225,0.0705590479994954,-1.5315307857945282,0.0202410266971341,-0.1500047525950749
234,ENV,2022q1,1,0,-0.0033961654239808,-0.0431256865289407,-1.4542656066762187,0.0047454961200489,-0.3043764829949907
235,ENZ,2022q1,0,0,-0.0187955890463486,-0.0779827292486635,-0.7742538615211372,0.0292863575379978,-0.3470031545741325
236,EPAM,2022q1,0,1,0.0053180228986982,0.0765772686226009,-1.8880157484731248,0.0162280439164435,-0.4230859558478159
237,EPAY,2022q1,1,0,-0.0029513663496758,-0.0570709062774962,-1.811499236452166,0.0,0.5369471413160735
239,ETRN,2022q1,1,0,0.0276941243294951,0.2955843411876801,-0.5831059698064527,0.0071262707855341,-0.1973065372496438
240,ETSY,2022q1,0,1,0.005454198395492,0.1486519146644201,-3.1495087559992445,0.0006555100896486,-0.6443354061406917
241,EVBG,2022q1,1,0,-0.0110847700479501,-0.1900174346201743,-1.7212048818296035,5.485847199955016e-06,-0.7950470311581422
242,EVC,2022q1,0,0,0.0033963646206558,0.0095703243868297,-0.7915815226240211,0.0136430794014454,-0.3057969993887699
243,EVCM,2022q1,1,0,-0.0051583438282355,-0.0926965509555914,-0.9695257012762593,0.0067034315877565,-0.4682352941176471
244,EVER,2022q1,0,0,-0.0117683393985382,-0.0516348786151191,-1.556139967781009,0.0167245261775192,-0.7294981640146879
245,EVH,2022q1,1,0,-0.0018236220165178,-0.0180100115466055,-1.5685882346240556,0.0048127579529985,0.4540719696969696
246,EVI,2022q1,0,0,0.000175028867952,0.0006662003264381,-0.687029984279,0.0119796667332745,-0.6482394366197182
249,EVRI,2022q1,1,0,0.0164211888299639,0.1794938957725947,-2.204641630473304,0.0037128207413017,-0.3460304731355253
251,EXAS,2022q1,0,1,-0.0148622921011265,-0.3718614549572416,-1.318143358867418,0.0030368827725656,-0.6831308824712412
253,EXLS,2022q1,1,0,0.0076046577779337,0.1098940487472965,-1.9158781938920824,0.0426095818991659,0.3865047995482779
254,EXPD,2022q1,0,1,0.0200424647353985,0.0742038780541037,-1.5010011279391795,0.0106933226311285,-0.2219238348917354
255,EXPE,2022q1,0,1,-0.0040030902499366,-0.0542463317029791,-2.145229513025221,0.0,-0.4207439985339931
256,EXPO,2022q1,0,1,0.0052580722785013,0.2304596895966624,-2.678771732616245,0.0085985218962736,0.0342509441983685
257,FA,2022q1,1,0,0.0042142037286678,0.0685323966062955,-0.9910884230278074,0.0032852929942295,-0.3636363636363636
259,FC,2022q1,0,0,0.0028955305423345,0.0331807982473188,-2.018959742114139,0.0380144262070383,0.4275115919629056
260,FCN,2022q1,0,1,0.0109852485839987,0.0819781100577651,-1.2027389868220817,0.0,0.323841592855574
261,FDS,2022q1,0,1,0.006682023820737,0.2550061583924624,-2.6049445032647247,0.013061478242593,0.1555629559581699
262,FDX,2022q1,0,1,0.0185422180199516,0.0470369273719385,-0.8941315081869959,0.0298544728206591,-0.2290973073738555
264,FIS,2022q1,0,1,0.0019603006833013,0.0343642611683848,-0.2634806054969201,0.061725658267445,-0.342240747541865
265,FISV,2022q1,0,1,0.0101160141753427,0.1616723054615756,-0.7266161636788285,0.0073141645687027,-0.1676489849377865
266,FIVN,2022q1,0,1,-0.004469409406381,-0.1866755664005865,-3.5727305459950625,0.0085283091901261,-0.5030263373139211
267,FLGT,2022q1,1,0,0.0815541160262941,0.480781720309241,-0.3632652989884481,0.0041525938359295,-0.4087607069283314
268,FLL,2022q1,0,0,0.0003342741596959,0.0026555295367308,-1.0661732020849406,0.0146369546348289,-0.3883299798792756
269,FLNT,2022q1,0,0,-0.0122109760008115,-0.0226019783748582,0.2523651996903648,0.0235597059926009,-0.5938566552901025
270,FLT,2022q1,0,1,0.0112355453447504,0.2761539251001912,-1.898960073399105,0.1354987018519186,-0.1794501288760446
271,FLYW,2022q1,1,0,-0.003101542400171,-0.1572196489706133,-1.9233754488369472,0.0,-0.520141535111595
273,FORR,2022q1,1,0,0.0038729404392739,0.03319170047451,-1.6659733996087691,0.0,0.0445414847161573
274,FOUR,2022q1,0,1,-0.0014539172936962,-0.0186613585469022,-2.5124370169509542,0.0018091361374943,-0.647247119078105
275,FOXA,2022q1,0,1,0.0127440117303183,0.0819102749638205,-0.6828657734916465,0.0,-0.1231790816620633
276,FRGI,2022q1,0,0,-0.0070565915976309,-0.0141827652208474,-0.2220292692640023,0.0001820046990304,-0.4683544303797468
277,FROG,2022q1,1,0,-0.007507651962796,-0.3093443858327053,-1.41664148041325,0.0084131640035684,-0.5371265377855888
279,FSLY,2022q1,1,0,-0.03195837017484,-0.6276884608622609,-0.7221176631763662,0.0212956850633637,-0.8052013422818792
280,FTAI,2022q1,1,0,-0.0869943321861196,-1.6119748402121314,-1.2108318957568232,0.0,-0.3895590087682345
282,FUBO,2022q1,0,0,-0.138983481375293,-0.5814584805325201,-0.3885624458991589,0.0103444249052041,-0.9230769230769232
284,FWRD,2022q1,1,0,0.0162036997470361,0.0914123449281631,-1.4600286515112575,0.0467669861142297,0.0343056578275171
286,GAIA,2022q1,0,0,0.0008546355599325,0.003939352297192,-0.1023167173172253,0.0,-0.6132848043676069
287,GAN,2022q1,0,0,-0.0220919781132974,-0.1199925321384755,0.0636581557848823,0.0,-0.8199513381995134
288,GATX,2022q1,1,0,0.0172643597109062,0.2394188250157927,-0.7563597915258471,0.6333387158629877,0.0867960206779861
289,GCI,2022q1,0,0,-0.004607613369592,-0.0039661692579774,-0.2239618843398778,0.0225835413191504,-0.4717668488160292
291,GDEN,2022q1,1,0,0.0215333781362883,0.1317989796962476,-1.6145847047441717,0.0245770472508928,-0.1171875
292,GDRX,2022q1,0,1,0.0015865227906878,0.0604586655125437,-2.2876389536920887,0.0082765184017972,-0.8356012218828103
293,GH,2022q1,0,1,-0.0182625119812642,-1.2823026254175385,-2.5383446755971364,0.0,-0.6751751348739834
294,GHC,2022q1,1,0,0.0318891716938796,0.1045389796451595,0.3998888063686774,0.0244083804973168,-0.0966779596885619
295,GNK,2022q1,0,0,0.0420658493987719,0.3060259713566327,-0.0592060393876302,0.0016119886732528,0.1135633826758097
297,GOOGL,2022q1,0,1,0.0089404190084623,0.2416667891958653,-1.9792968580346404,0.0,-0.1075153883012053
298,GPN,2022q1,0,1,0.006342779812837,0.1134991517696894,-0.4183060661814684,0.0135923289533283,-0.4057022174483821
299,GRIL,2022q1,0,0,-0.1249287573087844,-0.6458162007465951,0.4018778102165243,0.0293307118090156,-0.725
300,GRPN,2022q1,0,0,-0.0607003118034935,-0.2273154187320636,-1.133415562390985,0.0935319827938564,-0.7381835032437442
301,GSAT,2022q1,1,0,-0.0077460923156129,-0.6243744660075674,-2.0233998297774822,0.0,-0.3089887640449438
303,GTIM,2022q1,0,0,-0.0488945082450183,-0.063993808971039,-0.4038567154582301,0.0583501895635065,-0.2640586797066015
305,GTN,2022q1,1,0,0.0294767513129425,0.0749697702539298,-0.1535261018526128,0.0095203880007185,-0.2668903026088904
306,GVP,2022q1,0,0,-0.0786891192366938,-0.2797556008146639,-0.7770988290989218,0.0205679734350993,-0.3016759776536313
307,GWRE,2022q1,0,1,-0.0051460499921537,-0.1987998025733874,-1.6751734704039027,0.0,-0.370209368346345
309,H,2022q1,0,1,-0.0069534995493371,-0.0570758405003909,-1.0916176679488678,0.0032311450862952,-0.048042246264812
310,HA,2022q1,0,0,-0.121677071338009,-0.2573457610212609,-0.8717893339042827,0.0359251738239395,-0.4128026261797292
311,HCA,2022q1,0,1,0.0167305766810299,0.0851789896286383,-5.213782919433299,0.028463070793748,-0.179675106716898
312,HCAT,2022q1,1,0,-0.0161108993906763,-0.3298427012498715,-1.0642280903848016,0.0041022209453291,-0.7389659520807061
313,HCCI,2022q1,0,0,0.0179706297615884,0.0924041731842773,-0.6983429851895692,0.0384706500538817,-0.0916442048517519
314,HCKT,2022q1,0,0,0.0144095446672635,0.1388374920702051,-1.5789827099741018,0.0099450694427786,0.075171191701536
316,HCSG,2022q1,1,0,0.0082443006714283,0.0265433646274346,-1.12385277080333,0.0133955601755354,-0.4229125972552447
318,HEES,2022q1,1,0,0.010357030306534,0.0598128096898513,-1.6206957352364073,0.0,-0.1036531367554534
319,HEP,2022q1,1,0,0.0265698116986452,0.412311352934325,-0.7361762377259803,0.0038026469101378,-0.2373008498519702
320,HGV,2022q1,0,1,0.0081765710699075,0.0654685494223363,-1.105422528186984,0.0,-0.1367480067649191
321,HIL,2022q1,0,0,-0.0058405023617406,-0.0053209178583305,0.0765624637614119,0.0508490204701176,-0.3253012048192772
322,HIMS,2022q1,1,0,-0.0155019213537169,-0.1604121839035079,-1.162862954329713,0.0036331369310463,-0.5840220385674931
325,HMTV,2022q1,0,0,-0.071579077195025,-0.2710711285067317,0.252898375741362,0.0045283044602775,-0.3533898305084746
326,HQY,2022q1,0,1,-0.0058054749155595,-0.1614288454822255,-1.1155991588850438,0.0067332839411129,-0.2372017892644135
327,HRB,2022q1,1,0,0.1571164224976148,0.3265064699671203,-4.559319141601774,0.1816014114310363,0.5655690280137771
328,HRI,2022q1,1,0,0.0117882337357174,0.1031200423056583,-1.590292777053239,0.0115948787519077,-0.1860773618922918
330,HSC,2022q1,0,0,-0.0410830429121994,-0.0879842401782697,-0.2163093744597292,0.0162958112824062,-0.6518119490695398
331,HSII,2022q1,0,0,0.0238150924778098,0.0646746306082924,-0.7933046334550584,0.0211741769505969,-0.2627344405040439
332,HSON,2022q1,0,0,0.0273029417823311,0.0581505094670339,-0.9493353064978596,0.0200758174064128,0.7790368271954675
333,HSTM,2022q1,0,0,0.0046944014727836,0.0442578059265378,-0.6473523151457125,0.0,-0.2229778095919828
334,HTLD,2022q1,1,0,0.0151052728184788,0.1108907618575442,-0.4025405052924941,0.0,-0.1596250255999
335,HUBG,2022q1,1,0,0.0326680647476178,0.0674073258081091,-0.6297210750734025,0.0438783354154119,0.075174295240982
336,HUBS,2022q1,0,1,-0.0004134538514147,-0.0236122942676801,-3.2993412270845366,0.0223290087169851,-0.4840575233388249
337,HURN,2022q1,0,0,0.0271693979986942,0.1014144084600132,-0.5290494522402794,0.0088257279518832,0.3222787385554425
338,IAC,2022q1,0,1,-0.0263507418551384,-0.1779144298277052,-0.1764537980818648,0.0025223785424284,-0.507232276058896
339,IAS,2022q1,1,0,0.0005438011081741,0.0129871585128078,-1.0077053302729266,0.0050153580133204,-0.5174927113702623
340,IBEX,2022q1,0,0,0.0224971905961532,0.051104501657527,-1.1079163980207587,0.1403492197385069,-0.1357581967213114
341,ICFI,2022q1,1,0,0.0101104148203818,0.0432004411465941,-0.7881340344461758,0.0218170308490555,0.0875459956968452
342,IDN,2022q1,0,0,-0.0308266072847094,-0.43240058910162,-0.9221075336768652,0.0,-0.7586618876941458
343,IDT,2022q1,0,0,0.0084782425268881,0.0222127942371936,-1.6897927892015958,0.0,-0.3195346320346321
344,IHRT,2022q1,1,0,-0.0180911120743616,-0.0575986000488465,-1.1247740926723446,0.0177847208280224,-0.7070181953212031
345,III,2022q1,0,0,0.0149742193765785,0.0679409616471204,-1.2176198176724256,0.0183307897586303,0.1768082579840837
346,IIIV,2022q1,0,0,-0.0081977954696075,-0.0943804403481822,-1.1405092162527697,0.0060570292601105,-0.172071475843812
347,IMAC,2022q1,0,0,-0.1171399668504948,-0.8118446728616895,-0.5894425482836686,0.0654670978351917,-0.5811616161616162
348,INCY,2022q1,0,1,0.0021613815010766,0.0518142205432092,-1.5151652882911129,0.0005532009779548,-0.0969927493165339
350,INNV,2022q1,0,0,-0.0032424690538523,-0.0159055926115956,-0.9102185280560908,0.0125566338403879,-0.7944626935710934
351,INOD,2022q1,0,0,-0.0148257180112415,-0.1328331445828614,-2.0363980017077816,0.0371536753194742,-0.3085714285714286
352,INPX,2022q1,0,0,-0.2827929010319716,-2.143184859491493,0.6691025719677384,0.0471196939333211,-0.8547008547008547
354,INSW,2022q1,0,0,-0.0145298699453096,-0.1281113892118799,0.2642875277224869,0.0799284034052327,0.1963794945903346
355,INTA,2022q1,1,0,-0.0194865277995688,-0.4125001794352813,-1.745524136555174,0.0,-0.4771428571428571
356,INTU,2022q1,0,1,0.0007353614330706,0.0374111485222596,-2.165612990890601,0.0,-0.2097394048368217
357,INUV,2022q1,0,0,-0.0356660791961281,-0.1122694185675418,-0.6307276381894213,0.0111149379014955,-0.4870997824059683
359,IPG,2022q1,0,1,0.0114135302148754,0.0620595678411524,-1.3700077355904348,0.0184554468734795,-0.1248623627559173
360,IQV,2022q1,0,1,0.007379303338725,0.0910874439461883,-2.006978431011333,0.0036044695422323,-0.1045311984153185
361,ISIG,2022q1,0,0,0.0030661389837519,0.0100845803513337,-1.808861151661952,0.0087837837837837,-0.0772014475271409
362,ISPC,2022q1,0,0,-0.0503777716901787,-0.9464327548062365,-0.5366251399794841,0.0047517799272251,-0.6980609418282547
363,ISSC,2022q1,0,0,0.0102691262342623,0.2088237386850294,-1.6255208508659411,0.0,0.1483253588516747
364,IT,2022q1,0,1,0.0070479844630503,0.1366195733088363,-5.333517389249256,0.0009161896873402,-0.0015276630883566
365,IZEA,2022q1,0,0,-0.0239915798958046,-0.2785319838140199,-0.353390928324197,0.000358428405576,-0.6478431372549018
367,JAMF,2022q1,1,0,-0.0061568242301327,-0.236740009976168,-1.7520029896470823,0.0,-0.2621388144176348
368,JBHT,2022q1,0,1,0.011565172980021,0.0697488496778639,-1.8666554964964333,0.0499455271311292,-0.0261270254302993
369,JBLU,2022q1,1,0,-0.0531715697810305,-0.1468894009216589,-0.2873615587386622,0.0354270810693327,-0.5011918951132301
370,JKHY,2022q1,0,1,0.0059028557676671,0.1771149583908334,-2.3796302030386034,4.445221013307936e-05,0.1132518068382936
371,JOB,2022q1,0,0,0.0172522509016552,0.0274294077569456,0.4500961060798244,0.0139419833595682,-0.0890052356020941
372,KBNT,2022q1,0,0,-0.1491790377978029,-2.9129366403705443,-0.0894035814547935,0.0015706186996594,-0.8844133099824868
374,KELYA,2022q1,0,0,-0.055699695537761,-0.0367170626349892,0.3989109350098795,0.0058515221137277,-0.1632226954469116
375,KEX,2022q1,1,0,0.0040115877314068,0.0285437357354997,-0.4004414472717462,0.0069761194562227,0.0032981530343008
376,KFRC,2022q1,1,0,0.0121331603157424,0.0460012423045468,-2.076431409919246,0.0102871798358432,-0.0089370234888443
377,KFY,2022q1,1,0,0.024025751795217,0.1227830692774426,-0.8242022335197019,0.0139633271944212,-0.1947882546291344
378,KMI,2022q1,0,1,0.0155557146208307,0.1553692056836711,-0.3018244983746646,0.0524481087726911,-0.0225039259027327
379,KNBE,2022q1,1,0,0.0003381819113828,0.018125358175736,-2.882888772333122,0.0057045627704256,-0.5004796929964823
380,KNX,2022q1,0,1,0.0248434245041007,0.1140329799467867,-0.2423858027275682,0.0250535583760588,0.0268405242367992
381,KRUS,2022q1,0,0,-0.0035082246139636,-0.0600511345477788,-1.7989934802853809,0.0412827088585586,0.303078137332281
382,LAUR,2022q1,1,0,-0.0216277005702772,-0.2109675849267284,-0.6710889973764382,0.0418417971965846,0.4180164106897529
384,LBRDK,2022q1,0,1,0.0131622126734597,1.2563025210084031,-0.8614345989642987,0.0015033072760072,-0.3341011171254174
385,LDOS,2022q1,0,1,0.011530302285214,0.0500858614768174,-1.3315150589257645,0.0426707597851112,0.0110555676508321
386,LEE,2022q1,0,0,-0.0453722967436906,-0.0382919153325544,-1.063414954374025,0.0110195989192872,-0.3289752650176679
387,LFST,2022q1,1,0,-0.0164719834205166,-0.3068908638814347,-0.89733365373156,0.0,-0.8004307250538407
388,LGMK,2022q1,0,0,-0.065559387977523,-0.3514802220810237,0.2781136333660606,0.0,-0.8775143274525228
389,LH,2022q1,0,1,0.0199627675705246,0.1260642117140219,-0.8315826982637745,0.0097209625441423,-0.1479315871280449
390,LHCG,2022q1,0,1,0.0036419205907642,0.034040542786901,-1.1760962141448643,0.0127849460173804,-0.2223109957055826
391,LINC,2022q1,0,0,0.0013859039201232,0.0032948130920367,-0.4227193499508426,0.0390283918689691,-0.1889460154241646
393,LOCO,2022q1,0,0,0.0049535828435667,0.0192188863041581,-0.3022043697425666,0.033128773956419,-0.4620010934937124
394,LOPE,2022q1,1,0,0.0169295049690729,0.2378949179340769,-1.5802502316182518,0.0081817449307807,0.0469045237301322
395,LPG,2022q1,0,0,0.0608363283807016,0.4446018933186001,0.4587321476288381,0.0498636463737981,0.4587741044926694
396,LPSN,2022q1,1,0,-0.0368834290375142,-0.5020392174934907,-2.285087326557479,0.0040396221823759,-0.7764073371283997
397,LQDT,2022q1,0,0,0.0196592984879909,0.1753203954595386,-1.5213419486329929,0.015555290641177,-0.4719056974459725
398,LRN,2022q1,1,0,0.0276099002952306,0.1017708348153522,-0.6888710605270914,0.0322673657950425,0.2695300342359165
399,LSTR,2022q1,0,1,0.0221929839941369,0.0633507882628581,-1.8825595570567333,0.0641300060171677,-0.0635629009770905
402,LUMN,2022q1,0,1,0.051936093620641,0.1281009409751924,0.0628871717378618,0.0128538690835156,-0.1272989231804365
403,LUNA,2022q1,0,0,0.0384751785275129,0.4261821093367732,-0.9955505872578592,0.0457954584730238,-0.4616805170821791
404,LUV,2022q1,0,1,-0.0102472393411177,-0.0592245419684703,-0.957173689954315,0.0175782298320004,-0.3196458843473348
405,LVS,2022q1,0,1,0.0851958514182395,2.682926829268293,-1.8483649626022367,0.0032363914235627,-0.3624976276333269
406,LYFT,2022q1,0,1,-0.0147133250898116,-0.2249173400336921,-2.447420923197956,0.0108441628163702,-0.7804232804232804
409,LZ,2022q1,1,0,-0.0109095366160305,-0.1984903604847966,-2.6931724827446364,0.0035626873348349,-0.7096433289299867
410,MA,2022q1,0,1,0.0075315489938243,0.5091929552932069,-3.8956421161917048,0.0209348007426741,-0.1314327447974589
411,MAN,2022q1,0,1,0.0181801205110503,0.0178095775086034,-0.6786198948014224,0.0527306580531009,-0.3383856614242995
412,MANH,2022q1,0,1,0.00349215087666,0.1709470484364871,-3.6974520870935454,0.0,-0.2087821043910522
413,MANT,2022q1,1,0,0.0089098243883981,0.0463936525323997,-0.7305047071925443,0.0121928812220973,0.1248938028655229
414,MAR,2022q1,0,1,0.006573764694399,0.0897832817337461,-3.4770496540316467,0.0289642602424914,-0.0019025509921182
415,MARA,2022q1,1,0,-0.0044990332696858,-0.2505638251369902,-1.3139333132264244,0.001934120357761,-0.8297736691106152
416,MARK,2022q1,0,0,-0.2954760587213936,-5.448682236983073,-2.643332238131995,0.5350199507598268,-0.7629032258064516
417,MATX,2022q1,1,0,0.069364562109107,0.291033891033891,-0.939744132192452,0.0561910747957259,0.1550792601404874
420,MCHX,2022q1,0,0,-0.0163436202629644,-0.1201123680813909,-0.6480434881927473,0.0354083993442321,-0.5686274509803921
421,MCO,2022q1,0,1,0.0079997243468478,0.3272010512483574,-3.1826287001580345,0.041183255309044,-0.2434734327897416
422,MCRI,2022q1,1,0,0.0111067853171818,0.1672667516017651,-1.2546612122150864,0.0299072209103116,-0.1133444158984434
423,MCS,2022q1,0,0,-0.0267883944685741,-0.1126873459264076,-0.2304744661458739,0.0667159389351572,-0.3036303630363037
424,MCW,2022q1,1,0,0.0079620530807403,0.1617362215669563,-1.8492502463986071,0.0153687014034637,-0.4946586158848118
425,MD,2022q1,1,0,-0.0104355040215102,-0.0439376312913574,-0.8393827745640865,0.0099484146783222,-0.3031509121061359
426,MDB,2022q1,0,1,-0.0032752219270874,-0.3168851831560936,-3.655165438891519,0.0033001468001966,-0.2821973888028324
427,MDRX,2022q1,1,0,0.0087339874141789,0.1602066277896153,-0.6596327115715067,0.0024573552981065,-0.1988114532685035
428,MEDP,2022q1,0,1,0.0106386068243211,0.1852592711219621,-2.2539701094378826,0.0,-0.1526354526411142
429,MEG,2022q1,1,0,-0.0047981527588332,-0.0559548559548559,-1.6042207151994012,0.0260615378774936,-0.3708535221766679
430,MESA,2022q1,0,0,-0.2703649643022065,-0.3472279710744808,1.005553779047518,0.0947806785502114,-0.7652733118971061
431,META,2022q1,0,1,0.0123337257180002,0.2674860255123978,-1.5916069735261125,0.0070576916050615,-0.536251473929424
432,MG,2022q1,0,0,-0.0274606234318424,-0.033174153480719,0.0091094121328367,0.0441917680930894,-0.3957273652085452
435,MGM,2022q1,0,1,-0.0009781265281424,-0.0063118604187563,-0.6229020405384801,0.0367303962832605,-0.3210466166340895
436,MGNI,2022q1,1,0,-0.0255207483292002,-0.3776667372432776,-0.7349296975798435,0.0088159900922194,-0.7375886524822695
437,MHH,2022q1,0,0,0.0109417416539658,0.0390260229269517,-1.004777563634588,0.0511320819346441,-0.006020066889632
439,MMP,2022q1,0,1,0.0158796602062173,0.245294204831777,-1.7546465957945718,0.0099494513623474,0.0619982387482646
440,MMS,2022q1,1,0,0.0107940831123285,0.0425506614140858,-1.093971802128178,0.0318042036216896,-0.2788246814755616
441,MNRO,2022q1,1,0,0.0057918636928268,0.0262628418132487,-0.6417933901540269,0.041029981639532,-0.3103053439426322
442,MNTV,2022q1,1,0,-0.0152727426711876,-0.3194997692031525,-2.069335106407796,0.0131847516478072,-0.58234456573327
443,MODN,2022q1,0,0,-0.0082027297412997,-0.1508821321321321,-2.005336662948164,0.0125141457090433,-0.2535745550043771
444,MODV,2022q1,1,0,0.0001417311734401,0.0005530983071365,-1.7857536263451677,0.0046654399654706,-0.5031457635091433
445,MQ,2022q1,0,1,-0.0101122130455248,-0.3648240237926093,-1.356379902237707,0.0,-0.7110794442465266
447,MRIN,2022q1,0,0,-0.0446722783379337,-0.3873280372020926,0.0081877541000799,0.0199859280810846,-0.8462255358807083
448,MRTN,2022q1,1,0,0.0186689353155234,0.0958399615707269,-0.8212137033688142,0.0,0.0659771053011705
450,MSFT,2022q1,0,1,0.0072373010023808,0.3388978930307941,-2.6523070595344618,0.0050753466992835,-0.0441965932360537
451,MSGE,2022q1,1,0,-0.0061375415190965,-0.0380134180345861,-0.2950813145168494,0.0238335150102528,-0.3733476241514827
452,MSGM,2022q1,0,0,-0.6141237081244348,-4.557067783141319,-0.1053952867412075,0.0061548650278806,-0.9529642857142856
454,MSTR,2022q1,0,1,-0.0238234799798564,-1.0961962490672972,-1.8499648496187104,0.0028979874873123,-0.7527464258841234
455,MTBC,2022q1,0,0,0.0147215425552547,0.0322571517500919,0.2783696039966064,0.0276032999327266,-0.5932304038004751
457,MTN,2022q1,0,1,0.0211647332994626,0.2464229180340527,-1.7723157210422529,0.0100076266825249,-0.2964259010604071
458,MTTR,2022q1,0,0,0.2053373313343328,2.5220624342336024,0.6332581701740377,0.0,-0.7742134484885873
462,NATI,2022q1,0,1,0.0047091200810485,0.0655044957119422,-1.4902697157727625,0.0064036712128789,-0.2407338354939734
463,NCLH,2022q1,0,1,-0.1076846943748854,-1.8828102847070545,-1.800590362156481,0.0524391171100691,-0.6218973138388303
466,NDLS,2022q1,0,0,-0.0244069051465262,-0.0571151898509266,-2.106567029114215,0.0857442298355103,-0.6233974358974359
467,NEO,2022q1,1,0,-0.0327875584950079,-0.4216815027865732,-0.337738842643683,0.0035959721176881,-0.8195705114013726
468,NET,2022q1,0,1,-0.0010667421576022,-0.1950397564182931,-4.32087514030122,0.0115996565770966,-0.5866402116402116
469,NEWR,2022q1,1,0,-0.0125432538852848,-0.2698053967883665,-2.618454030114639,0.0077770290810315,-0.2526504404957443
470,NHC,2022q1,1,0,0.0141173968595568,0.0549065713681478,-0.1747716635070796,0.0241493989363387,0.0318140484702727
472,NLSN,2022q1,0,1,0.010716422933727,0.1197263397947548,-1.0020827670407753,0.0032163205293144,-0.0481917943232295
473,NOTV,2022q1,0,0,-0.0091324259695501,-0.0433815826046054,-0.0765459462109429,0.0093863462232133,-0.6401799100449774
474,NOW,2022q1,0,1,0.0006733825351505,0.0435540069686411,-3.327385741725955,0.0159192213226598,-0.1347102174506414
475,NRC,2022q1,0,0,0.0085478913152432,0.222132618818449,-2.506283334823189,0.0282917847395432,-0.1510698255326849
477,NS,2022q1,1,0,0.007754767356956,0.0300393058168217,-0.5431892775283564,0.0148358894135879,-0.1418791608561153
478,NSC,2022q1,0,1,0.010341702860535,0.2411663807890223,-1.6193757339222792,0.0292929549554127,-0.128749990161366
479,NSP,2022q1,1,0,0.0181526950695868,0.0442910135837859,-4.73056015780721,0.0,0.1449026558224529
480,NTCT,2022q1,1,0,-0.0035491172399364,-0.0439665046994889,-0.1393491168313628,0.0035718433196888,0.1860546601261388
482,NTRA,2022q1,1,0,-0.0356858142833909,-0.7139177780181628,-1.968674147555264,0.0437289894676516,-0.6878358143222056
483,NTWK,2022q1,0,0,-0.0064310121229102,-0.0188030500831003,0.2885051503534938,0.1258506799146388,-0.3237791932059448
484,NVEE,2022q1,1,0,0.0041964652091455,0.0454473742335159,-1.1694554502581105,0.019101883309215,0.2352132049518568
485,NVTA,2022q1,1,0,-0.0999222685442824,-1.470268653337753,0.4463488609129467,0.0037126410383062,-0.9276608360509933
486,NWSA,2022q1,0,1,0.0062814750885472,0.0329052969502407,-0.326704037696387,0.0175670245134623,-0.3897543983260696
487,NXGN,2022q1,1,0,0.0002489012159106,0.002300689545746,-1.195345105047586,0.01288726313341,0.0512356841470766
488,NXST,2022q1,0,1,0.0325557914837568,0.2079167010990827,-0.9727196075772344,0.0075625630213585,0.1229903814747572
489,NYT,2022q1,0,1,0.0006152554908183,0.008791924454575,-1.6364081844934328,0.0,-0.3552561091420915
491,OBLG,2022q1,0,0,-0.224669591638526,-2.9627937336814623,0.0351612438244174,0.0163027776631309,-0.9088235294117648
492,ODFL,2022q1,0,1,0.0087371804799171,0.2001970239367386,-2.281657212404592,0.0,0.0131427544185084
493,OKTA,2022q1,0,1,-0.0101960489596648,-0.6297037975014034,-1.384918218423824,0.0017591284525502,-0.6305378453490272
494,OLO,2022q1,1,0,-0.0054611719533868,-0.2691785948171017,-1.0950163117811558,0.0033073614930811,-0.7360256753142552
495,OMC,2022q1,0,1,0.0097974657076746,0.0509632583643667,-1.6092283023481828,0.0004742653667715,-0.1735766816240583
497,ONEM,2022q1,1,0,-0.04268963026812,-0.3575690077213088,-0.2390352987667277,0.0128334467758256,-0.7628554143980641
498,ONTF,2022q1,0,0,-0.02463710435611,-0.3192072919244411,-0.6362077354376913,0.0088698369282969,-0.7325253664036075
499,OOMA,2022q1,0,0,-0.0002717861290242,-0.0019608231495969,-1.9649365929251212,0.0,-0.3722163308589608
500,OPCH,2022q1,0,1,0.0058911767552553,0.0330591056406314,-1.4365708069873602,0.0085777041534585,0.2706904435299496
501,OPGN,2022q1,0,0,-0.1948206568933178,-14.48384893931814,-0.0217634769240202,0.2313900902300211,-0.7596916299559471
503,OSG,2022q1,0,0,-0.0027913450964521,-0.0048942778295945,0.6177455375957269,0.1107801961209181,-0.0191387559808612
505,OSPN,2022q1,0,0,0.0090266867345343,0.0994146471676168,-0.9490808322727068,0.0,-0.5340642129992169
506,OTRK,2022q1,0,0,-0.3373773529914393,-2.785279573982503,-0.3023259187029629,0.0103379521806879,-0.9673645320197044
507,PAGP,2022q1,1,0,0.0098086135549825,0.0016065430115378,1.8455308651265157,0.0281329123816073,-0.0896965845608601
508,PARA,2022q1,0,1,0.017656903231476,0.0590884279475982,-0.0573137925233829,0.0002584290956704,-0.4369967244242446
509,PATH,2022q1,0,1,-0.005392328147202,-0.2178475515882056,-1.8065788802448208,0.0,-0.7322243485941411
510,PATI,2022q1,0,0,-0.0177940129674225,-0.0234136085626911,0.0801053422019074,0.0196323171634686,-0.1168378939921468
511,PAY,2022q1,1,0,0.000673457476928,0.0147210035645736,-1.880425565447134,0.0027808938646016,-0.6233802816901409
512,PAYC,2022q1,0,1,0.004407683920251,0.2600426002562804,-3.0286984917476287,0.7251031944831681,-0.2293174127163177
513,PAYS,2022q1,0,0,-0.0030281229540778,-0.0376363919835997,-2.042836616395147,0.003890798878372,-0.5220125786163522
514,PAYX,2022q1,0,1,0.0087419749822081,0.3375391849529781,-2.7076046378006717,0.4223966082246662,0.0867027127701256
516,PCOR,2022q1,0,1,-0.0091206636878806,-0.4477231124150555,-1.905828315520432,0.0,-0.5219589257503949
517,PCTY,2022q1,0,1,0.0030728245270718,0.1416676830507785,-2.998529402748282,0.8514204295998731,-0.0858490566037737
518,PCYG,2022q1,0,0,0.0107853874646838,0.2388143854949767,-0.8573718733966981,0.0692202710503364,-0.2014519056261342
519,PD,2022q1,1,0,-0.0097076434024964,-0.3680469755059929,-2.411355272839084,0.0069899113148026,-0.4180366369187411
520,PDFS,2022q1,1,0,-0.0039490066819877,-0.1238879933130336,-1.5934489380823005,0.0046125982295153,0.1831683168316832
521,PEGA,2022q1,0,1,-5.756721584471776e-05,-0.0010071563909254,-2.7843411200212835,0.0,-0.655787868191063
522,PENN,2022q1,0,1,0.0072406474859894,0.0330520393811533,-0.591348257642215,0.0189031104913369,-0.6023009543731206
523,PESI,2022q1,0,0,-0.018350404426722,-0.0843857995601633,-0.6169114629129433,0.0159886943028153,-0.2741258741258741
524,PFMT,2022q1,0,0,-0.007654215160777,-0.0617730679762212,-0.9226929438256872,0.0175732492445145,-0.2986666666666667
525,PFSW,2022q1,0,0,-0.0294796821089593,-0.1123076691684088,-0.2285544724167495,0.0339129682498486,0.5934959349593496
526,PGNY,2022q1,1,0,0.0010600354079658,0.028864746221337,-2.819646032516001,0.0,-0.5076271186440677
527,PHR,2022q1,1,0,-0.0339229996947794,-0.8006032402619786,-1.1883025718257203,0.0143626788762245,-0.5920065252854811
528,PINC,2022q1,1,0,0.0090640746297445,0.1104409299865165,-0.640513721983314,0.0996726174306114,0.0478271535454556
529,PING,2022q1,1,0,-0.0088143038525669,-0.2391989703746561,-1.1450876678839497,0.0054235089252884,-0.2078602620087335
530,PINS,2022q1,0,1,-0.0003260491198487,-0.0091861850630995,-1.6535302802509366,0.0,-0.7699810006333123
532,PLAY,2022q1,1,0,0.0107565640762158,0.0747591095359397,-2.1583402431425487,0.0,-0.1926108374384236
534,PLTR,2022q1,0,1,-0.0036371072818215,-0.2271253727397576,-2.4670066896093936,0.0120647304649734,-0.6559180576631259
535,PMD,2022q1,0,0,0.0010110037020778,0.0059926244622003,-1.130014277339262,0.0742560091568103,-0.0724269268014439
536,PRAA,2022q1,1,0,0.0217937557322045,0.1661312109058415,-0.3092944196884192,0.0,-0.0548479334546399
537,PRDO,2022q1,0,0,0.0406444400485952,0.1753288988243267,-0.1513560625194947,0.0099013186352178,-0.0399348003259983
538,PRFT,2022q1,1,0,0.0071298404425209,0.122173147660404,-2.4049950212667923,0.0,0.1401392688385973
539,PRGS,2022q1,1,0,0.0099245340285976,0.1411379914712742,-1.7219635945629637,0.0105748509366528,-0.0058488582490269
541,PRVA,2022q1,1,0,-0.0060560042499669,-0.0557996947109792,-1.842828571589384,0.0052351894333799,-0.3437006986702726
542,PSN,2022q1,1,0,0.0051514179858428,0.0217760773979552,-0.7211163774020433,0.0150169040923472,0.0269308943089431
543,PSNL,2022q1,0,0,-0.0766254503258789,-1.8525645235437047,-0.2499783926778012,0.0,-0.8636363636363636
544,PTC,2022q1,0,1,0.0071184601340553,0.1775023900147854,-1.7992671118549912,0.0057953332664919,-0.247203737788475
546,PTSI,2022q1,0,0,0.0309447358780099,0.1091010170974444,-1.1823293261830974,0.0798547492767598,1.0769668246445498
547,PUBM,2022q1,1,0,0.0035270751624455,0.0876044874615046,-1.6216282735386498,0.0077751809151361,-0.5932940875351932
550,PYPL,2022q1,0,1,0.0037778472004353,0.0785130340891562,-1.87785699659328,0.0,-0.7603952243721697
552,QLYS,2022q1,0,1,0.0045716411877038,0.224034561805678,-2.567096967099919,0.0147860782026886,0.2527559837123845
553,QNST,2022q1,0,0,0.0035239097099998,0.0148017363830662,-0.7415384892595103,0.0,-0.4585575888051668
554,QRHC,2022q1,0,0,-0.0186481107716049,-0.0305402626470676,-0.4907816460102592,0.0089958028151433,-0.3559055118110236
555,QTWO,2022q1,1,0,-0.0067126585523042,-0.1757203272892721,-2.062529965375029,0.0147122213555564,-0.6240007798791186
556,QUMU,2022q1,0,0,-0.1482598675441231,-0.9392712550607288,-1.3502818843065687,0.1805104842735896,-0.720486111111111
557,QUOT,2022q1,0,0,-0.0434379778387272,-0.3352962169878658,-1.0935049583286585,0.3759879307906275,-0.7252543940795559
558,RAMP,2022q1,1,0,-0.0115313285908253,-0.2073875463044628,-0.8745034299974196,0.0,-0.4490928495197439
559,RBBN,2022q1,0,0,-0.1520276912415193,-0.4040173674060901,0.0302455115637372,0.0290154292788463,-0.6005256241787122
560,RBLX,2022q1,0,1,-0.0058945484899438,-0.2982533222622288,-3.868990834386531,0.0,-0.6348077350522339
561,RCL,2022q1,0,1,-0.0546309108914923,-1.1018767388794324,-1.6781909251789302,0.0879187667224509,-0.5906425891181989
562,RCM,2022q1,0,1,0.0039485320089033,0.0762250453720508,-3.011407565479139,0.049084453108682,-0.0575539568345322
563,RCMT,2022q1,0,0,0.0630729299240741,0.0795500298922658,-1.2304298328560048,0.0159482246764042,3.9126213592233
564,RDI,2022q1,0,0,-0.1631002216584913,-0.3819402985074627,-0.0068691736149255,0.0985555093294682,-0.4820659971305595
565,RDNT,2022q1,1,0,0.0023973033315046,0.0088159477070635,-1.0926458989310637,0.0355214821615104,-0.4870881567230631
567,RGP,2022q1,0,0,0.0342270700338465,0.094917623369451,-0.4632791713106909,0.0157002025947854,0.4663079871552679
568,RGS,2022q1,0,0,-0.2894855253703514,-0.4311726822035862,-2.16026626730924,0.3490898006207854,-0.8846153846153846
569,RHI,2022q1,0,1,0.0133120209861657,0.0927021424549022,-2.163247424734089,0.029239526278939,-0.1450552932101416
570,RICK,2022q1,0,0,0.0187577778559823,0.1719525215097657,-0.942857162018238,0.0276544860855867,-0.2672339556554021
571,RIOT,2022q1,1,0,0.014350992105718,0.4465514432175668,-0.58170466642597,0.0009724117683117,-0.8887709052296258
572,RLGT,2022q1,0,0,0.0455273046201758,0.0311109375372912,-0.5310708037933256,0.0226134999837818,0.0707070707070707
573,RMBL,2022q1,0,0,0.0178946007678844,0.0198751956862063,-0.0850480688106717,0.118393816549217,-0.6365208796639485
575,RMR,2022q1,0,0,0.0065278854952216,0.0323393404636384,-1.0158164431278365,0.0095841870373208,-0.093648967107289
576,RNG,2022q1,0,1,-0.01363847487992,-0.3228270352566844,-5.424572942786158,0.0,-0.8201527978525708
577,RNWK,2022q1,0,0,-0.1906317366610607,-0.3935673395601085,0.4056037115505765,0.0,-0.7291845493562232
578,ROKU,2022q1,0,1,-0.0015444100724216,-0.0358539401035029,-1.8008448587339618,0.0209755792845095,-0.8211431682090365
579,ROL,2022q1,0,1,0.0042002935522244,0.1226467799823931,-2.745541829343102,0.0419788817550018,0.0348092674336214
580,RPAY,2022q1,1,0,0.0102195280581876,0.2020829714853556,-0.3651579854531528,0.0013342767308863,-0.4654742096505823
583,RRR,2022q1,1,0,0.0162370729710624,0.1203726757561573,-3.4263703256240974,0.0119022173644004,-0.1547367683737292
584,RSG,2022q1,0,1,0.0083955138515207,0.1185664241444354,-1.5404105470111793,0.0025040092282587,0.2064482103824637
585,RUTH,2022q1,0,0,0.0132633578751133,0.0825563695176481,-1.7061263333176506,0.0330152675462192,-0.2844910187443837
586,RXT,2022q1,1,0,-0.0162750500882687,-0.0496453900709219,-0.5651515441055724,0.033910122329974,-0.6343702192758797
587,S,2022q1,0,1,-0.0068113922545544,-1.0925254433542568,-1.8527669711419987,0.0022588595232254,-0.4510588235294118
589,SAIA,2022q1,0,1,0.0123380559927231,0.1201180854667763,-1.6063155299824308,0.0208875311861366,-0.102582462170032
590,SAIC,2022q1,0,1,0.0083234618822691,0.0241301907968574,-1.1541555261637624,0.0257570483814827,0.0793010249745654
591,SAIL,2022q1,1,0,-0.0068885641746858,-0.2866400970369087,-2.5173813920515795,0.3478324013577766,0.2273350303504993
592,SALM,2022q1,0,0,0.0188879919464122,0.0277755594243639,0.6712506962364629,0.0246477662902123,-0.168627450980392
593,SATS,2022q1,1,0,0.0437529875733284,0.1823066830962606,0.5321275712425629,0.0,-0.2054343351173321
594,SAVE,2022q1,1,0,-0.0819768245790246,-0.2012818988643823,-0.2119971443238825,0.0532782254688583,-0.2168199737187911
595,SBGI,2022q1,1,0,1.2882852543283982,2.0085403726708075,-1.049585216462367,0.0087060942659861,-0.3645880101836119
597,SCHL,2022q1,1,0,-0.0110355617849614,-0.0444121915820029,-0.1567339735064604,0.0186034527183715,-0.034891491985549
598,SCI,2022q1,0,1,0.0206494899221512,0.1973322617792293,-1.7525182561736643,0.0041316197427026,0.3093773966991061
599,SCPL,2022q1,1,0,0.0026583540415258,0.0278481012658227,-1.089087430090929,0.0,-0.1758112094395279
600,SCWX,2022q1,1,0,-0.0078399016428365,-0.0686190178292149,-0.5464571041602904,0.0,-0.4139233675121425
602,SEAC,2022q1,0,0,-0.0267795179662549,-0.1732228317964281,-0.264790460966372,0.0,-0.5319379844961241
604,SEM,2022q1,1,0,0.0152922100779477,0.030706818868092,-0.8543191777048639,0.0356776801950757,-0.4312953226159985
605,SEMR,2022q1,1,0,-0.0015273229868486,-0.0450042010922839,-2.014377394717976,0.0,-0.4383145091225022
608,SGA,2022q1,0,0,0.0085646856324367,0.0482236552248968,0.3412059521995248,0.0,0.2068242451337598
610,SGRP,2022q1,0,0,0.0237331981193644,0.0114248906668474,0.3876887276718052,0.1694596025411305,-0.1748251748251748
611,SGRY,2022q1,1,0,0.0024801395040406,0.0204629319020462,-0.8936937229979741,0.0108116702440575,-0.5658961272891023
612,SHAK,2022q1,1,0,-0.0035578647250821,-0.0499628793801102,-1.9045515884915831,0.0254882295161575,-0.631096991216595
613,SHC,2022q1,0,1,0.0049999639040006,0.1294212558182755,-2.255872791786473,0.0036138345542249,-0.191498142798184
614,SHEN,2022q1,1,0,-0.0005109532139831,-0.0093613189679262,-0.6051849822401203,0.0034950427454936,-0.270926730667203
615,SHO,2022q1,1,0,0.0054142193973413,0.0811827176972405,-0.157151387554887,0.0371642078142334,-0.2012882447665056
619,SKLZ,2022q1,1,0,-0.1205007962422476,-1.5851473704488537,-0.8011823801565735,0.0021500510436058,-0.9429097605893186
620,SKYW,2022q1,1,0,0.0121674515365991,0.0241229024745902,0.4517081344119336,0.0684091303935482,-0.5066171348966798
621,SLGG,2022q1,0,0,-0.1143909616333645,-2.1008492569002124,0.1923679684344077,0.0,-0.810760667903525
622,SLP,2022q1,1,0,0.0042866453495287,0.2979859421465261,-1.7850610089678771,0.0085222973995374,-0.096588437305102
623,SMAR,2022q1,0,1,-0.0081630551626953,-0.3376348595173649,-2.556927185096757,0.0179521594843403,-0.5654037610619469
624,SMED,2022q1,0,0,-0.0025273265265373,-0.0163262984242562,-0.566989179820581,0.036084683294763,-0.7165048543689321
625,SMHI,2022q1,0,0,-0.0707341116618733,-0.3254370380118883,0.7248879406707469,0.0067380801235499,0.3061224489795917
626,SMSI,2022q1,0,0,-0.0341874401691905,-0.5498233215547703,-0.7768530732075862,0.01291137140698,-0.5268199233716474
627,SNAP,2022q1,0,1,-0.0061517890515955,-0.3383973494603976,-2.7977031085629016,0.0057780172180083,-0.8073084825359553
628,SNCY,2022q1,1,0,0.0023966957925844,0.0160556229996689,-1.1237241457209115,0.0535527109197572,-0.5044582545258038
630,SNDR,2022q1,1,0,0.0203298755539315,0.0568343103980253,-0.5925346233613675,0.0004404639553663,0.0408161233359932
631,SNOW,2022q1,0,1,-0.0019167827116999,-0.3443511024717672,-2.614113116232081,0.0037747578912606,-0.4248966087675765
632,SNPS,2022q1,0,1,0.0061479276509466,0.2469480537372417,-2.247692003577466,0.0088467519406615,0.1012001885492583
634,SPCE,2022q1,1,0,-0.0364657735225304,-291.7147335423198,-1.2217280736693117,0.0,-0.8691304347826088
635,SPGI,2022q1,0,1,0.0124880683332538,0.5169526998744245,-0.9106631825802772,0.0009986080009683,-0.1723581769317462
636,SPLK,2022q1,0,1,-0.0058967087962641,-0.1562756972164608,-4.674720359512462,0.0,-0.3881588048139439
637,SPOK,2022q1,0,0,-0.045790020290359,-0.2132742054693274,0.0148046581306532,0.0,-0.2709345179323803
638,SPSC,2022q1,1,0,0.0026679465778699,0.1198083522667858,-2.2628763902493256,0.0070714877353629,0.1321982974461693
639,SPT,2022q1,1,0,-0.0022457468490701,-0.1698619164533598,-3.415374245835194,0.0101816353466155,-0.3505927085663162
640,SQ,2022q1,0,1,-0.0025961062434893,-0.051557006497679,-1.5057201721316589,0.0067300393817285,-0.7479081214109926
642,SRCL,2022q1,0,1,-0.0026220819993995,-0.0213791026799156,-0.8215847561120295,0.0187873144547296,-0.387141858839972
643,SRT,2022q1,0,0,-0.0069670463060345,-0.0074290119951947,0.3465826146005397,0.0597627701165597,-0.5946704067321178
644,SSNC,2022q1,0,1,0.0089471974038754,0.1328957528957529,-1.1269257334485578,0.0078237900386954,-0.1857165636980902
645,SSP,2022q1,1,0,0.0129157246319134,0.0395346699522366,0.1360779215552967,0.005145783439911,-0.3884256988719961
646,SSTI,2022q1,0,0,0.0011498486332841,0.0182426699349486,-1.9315764960397297,0.0,-0.4482263686692639
647,SSTK,2022q1,1,0,0.0078519488860278,0.133439125805998,-2.030074730465876,0.0,-0.410131351451262
648,SSY,2022q1,0,0,-0.0975075450304173,-0.0940438871473354,0.7370275639394439,0.0126514671028474,-0.7075438596491228
649,STAF,2022q1,0,0,-0.1684140957670377,-0.0465796805163048,0.4123988448727639,0.1402061855670103,-0.8302576601671309
652,STKS,2022q1,0,0,0.0108500519237704,0.0494735848802253,-1.6568173214057904,0.0261820825619045,-0.3312159709618874
653,STRA,2022q1,1,0,0.0043058680236298,0.0271541982963435,0.0547630111530598,0.0109097451183187,-0.036808482881416
654,STRM,2022q1,0,0,-0.0003939023165111,-0.0049619583195501,-0.8051959041074249,0.0829248564264337,-0.2824858757062147
656,SWCH,2022q1,0,1,0.0016996280997483,0.0777175002581875,-2.48734896717424,0.0022354284571209,0.5992366745200265
657,SWI,2022q1,1,0,-0.0021814051389214,-0.026341678539928,0.0641931766745692,0.0073521304881882,-0.3786507049726593
658,SYNH,2022q1,0,1,0.0054732293271021,0.0345563302757786,-0.9381965886146666,0.0078555282232178,-0.1990166499050172
659,T,2022q1,0,1,0.0284975304259927,0.1262301535231597,0.1000965308097116,0.0473548800665286,0.0367109002818393
660,TASK,2022q1,1,0,0.0030908661632846,0.0483394526034712,-2.2200425327753712,0.0676940749775738,-0.5075934579439253
661,TAST,2022q1,0,0,-0.172474351356158,-0.0532422473440206,0.4794415423956445,0.0340397800849944,-0.6296139932621204
662,TBI,2022q1,0,0,0.0105655134323891,0.0190729173277245,-0.7558347436829946,0.0128257277104429,-0.3632159373888296
663,TDC,2022q1,0,1,0.006883800867703,0.0725806451612903,-3.094043125202093,0.0854881266490765,-0.2593556133680208
664,TDOC,2022q1,0,1,-0.5771617272884032,-11.8060015919342,-0.2349846001897248,0.0,-0.8002886523543207
665,TDS,2022q1,1,0,0.0281955368206865,0.0463878326996197,1.139460640583492,0.0122486547720192,-0.2753106113803554
666,TDW,2022q1,0,0,-0.0135449076165378,-0.1150866838804869,-0.2642365642848875,0.0,0.7502074688796679
667,TEAM,2022q1,0,1,-0.0004199760151861,-0.0419816040978215,-5.498501896788977,0.0126602696428125,-0.2704196838744842
668,TENB,2022q1,0,1,-0.0038627391805325,-0.1537698910697254,-3.3304876620589288,0.0,0.0981862152357919
669,TGNA,2022q1,1,0,0.0270492505267158,0.173401384534499,-0.6391903394355146,0.001866862569296,0.1387026345998756
670,THC,2022q1,0,1,0.0151621157088752,0.0294674805304146,-1.5020801459066255,0.0145215759849906,-0.2154052843708015
671,TISI,2022q1,0,0,-0.3406122920219765,-0.1485158480345509,-1.2586544929426418,0.0223117585034251,-0.8890597014925373
672,TLS,2022q1,0,0,-0.0221432707153766,-0.2987041467304625,-1.3520033742698294,0.0082369959962462,-0.7624228168185828
673,TMUS,2022q1,0,1,0.0044466240151453,0.0354373757455268,-0.8291839343197807,0.0343598239759224,-0.0710488158530692
674,TMX,2022q1,0,1,0.0034294332453275,0.0383064516129032,-0.8249760930424748,0.0218020022246941,-0.1479773632362188
675,TNET,2022q1,0,1,0.0225926833763767,0.1198686371100164,-2.229823945672084,0.0046816479400749,0.0709161147902869
678,TRGP,2022q1,0,1,0.0050966365704386,0.0177451553709342,-1.4581459531160046,0.023425343567347,0.3625716751539481
679,TRHC,2022q1,0,0,-0.1902166472628819,-0.420101326180897,-1.408722621585892,0.0065804661771931,-0.9486
680,TRIP,2022q1,1,0,-0.0090405893877378,-0.1297709923664122,-1.589904632193627,0.0,-0.5583126550868486
681,TRKA,2022q1,0,0,-0.3138565658217686,-0.9173095313994262,-0.6048989309541828,0.024530867555072,-0.7327464788732394
682,TRU,2022q1,0,1,0.002429257799879,0.0524259198957994,-1.568691162352683,0.0093955989899321,-0.2687715347074415
683,TRUE,2022q1,0,0,-0.0325461635731877,-0.2851629798084212,-0.2098450128177189,0.0148091678684265,-0.5415929203539823
684,TSP,2022q1,1,0,-0.0412893656690396,-49.42712014134276,-0.7777505622655979,0.0046925183356502,-0.898512071869736
685,TSQ,2022q1,0,0,0.0101945923410629,0.0221863091319008,-1.3661231605854889,0.0185876759999616,-0.3576470588235294
686,TSRI,2022q1,0,0,-0.0025353447474709,-0.0019116057819605,-0.2520217062070108,0.0131621039667016,-0.2239583333333333
687,TTD,2022q1,0,1,-0.0004347922411553,-0.0462953860010211,-3.0135399978276665,0.0137575992922232,-0.4585056876938986
688,TTEC,2022q1,1,0,0.0086138254475959,0.0567394679358479,-1.9498296304557496,0.021126050051543,-0.3341516710316207
689,TTEK,2022q1,0,1,0.0059550924822767,0.0621992063268695,-1.9679516746363508,0.0292150248051027,0.1253556743033583
690,TTGT,2022q1,1,0,0.0029694874001969,0.1050979241546248,-2.3028245368204825,0.0052016857616208,-0.1518905665247128
691,TTWO,2022q1,0,1,0.0062540292500509,0.1193242179603528,-1.5385122973787586,0.0059455694959181,-0.3078183256129251
693,TWLO,2022q1,0,1,-0.0074080920303666,-0.2531829652384211,-1.0080619988113355,0.0041187507185355,-0.7873706109194236
694,TWOU,2022q1,1,0,-0.1240511172242761,-0.4965084929084313,-0.4394829383234392,0.006197463029651,-0.7487401007919366
695,TWTR,2022q1,0,1,0.0165700100970127,0.4273878752756073,-1.6574535295873551,0.015379356601899,-0.4566196773724749
696,TXRH,2022q1,0,1,0.0129931702207879,0.0761550037165083,-1.721102337612873,0.0097832865606485,-0.2228995867975854
697,TYL,2022q1,0,1,0.0021735491019954,0.0876634481307058,-2.0417732126496078,0.0087188169878271,-0.2650264164290293
698,TZOO,2022q1,0,0,0.0298283641080991,0.1278382918766596,-3.2279041487927507,0.0302854128311962,-0.589430894308943
699,U,2022q1,0,1,-0.006085402844438,-0.5546409851121121,-2.5138186584483098,0.0053498724391811,-0.6647546207775653
701,UBER,2022q1,0,1,-0.0850358687017772,-0.8651882112634958,-1.9815899907015,0.0063696208704132,-0.591779728651237
703,UHS,2022q1,0,1,0.0141946204937057,0.0467400718381903,-0.5980215154644849,0.0086799398011905,-0.3081494688451335
705,ULCC,2022q1,1,0,-0.0491918063501931,-0.2,-1.7941035965044394,0.1428916827852998,-0.4501173708920188
706,ULH,2022q1,0,0,0.0776908383047766,0.0801892104966775,-0.4825936773035396,0.0734794754625526,0.1952043788608033
707,UNF,2022q1,1,0,0.0053113899477188,0.037910728668409,-0.6039507412402422,0.0057162492186839,-0.2616995277978585
708,UNP,2022q1,0,1,0.0093674304099735,0.2781569965870307,-2.68281020352757,0.0243399790791712,-0.0102656738102162
709,UONE,2022q1,0,0,0.0510128893715031,0.1456977810216379,-0.1705575783846297,0.015801375487979,-0.370242214532872
710,UPLD,2022q1,0,0,-0.0416438737297816,-0.2900426850957874,-0.5119277591067005,0.0067625740876829,-0.6473160068010687
711,UPS,2022q1,0,1,0.0142609072953257,0.1091968168020346,-2.4927380927593363,0.0387945174218761,-0.0991725379202045
712,UPWK,2022q1,1,0,-0.0082101645302345,-0.1750284780347679,-2.491869316890994,0.0,-0.6452221650368846
713,USAK,2022q1,0,0,0.0715472202114493,0.0652084172622511,-0.3889238221447467,0.1007008226180017,0.955196017423771
715,USM,2022q1,1,0,0.018945139892241,0.0485148514851485,0.5777380441956732,0.0125977011494252,-0.2024235747727898
716,USPH,2022q1,1,0,0.0068318613346203,0.066808904816862,-1.4496542043135503,0.0411382669405377,-0.0427996664448829
717,USX,2022q1,0,0,-0.0452898069061725,-0.0172123096436885,0.3214979247331634,0.1398795167889809,-0.6883720930232559
718,UTI,2022q1,0,0,0.0252035068323225,0.0720373018827263,-0.3254150970411705,0.0296006788401729,0.0986132511556239
719,V,2022q1,0,1,0.0085909529602041,0.50730282375852,-2.467737186432664,0.0433698415802855,-0.1523195351026317
720,VCYT,2022q1,1,0,-0.007364953550353,-0.2133425785226384,-0.5929675406778517,0.0083555657048591,-0.5022511255627814
721,VEEV,2022q1,0,1,0.0029606851480796,0.1999921730013862,-2.421564003336309,0.0028772699343502,-0.3631130406817816
722,VERI,2022q1,0,0,-0.0345279730746306,-0.6431540093585607,-2.239946116443692,0.0,-0.6686960933536276
723,VERX,2022q1,0,0,-0.0008260035476275,-0.0029047519654908,-0.5519843349943535,0.0081447094513611,-0.48359161349134
724,VMEO,2022q1,1,0,-0.013451270966121,-0.2451040109271462,-1.707345646719163,0.0,-0.8771428571428572
726,VOLT,2022q1,0,0,-0.0092241225717001,-0.0053717478671649,-1.490227774826634,0.0285442512800793,0.3107221006564551
727,VRAR,2022q1,0,0,-0.0217397156874308,-0.8534763134097624,-1.0227820185572662,0.0,-0.4314285714285714
728,VRDN,2022q1,0,0,-0.0536236501195996,-118.94907407407408,-1.056135857104577,0.0015723527966587,-0.3674138873701476
729,VRNS,2022q1,0,1,-0.0095403543683566,-0.5065706776368415,-2.255476581072589,0.0,-0.4911489066296424
730,VRNT,2022q1,1,0,-0.0013818362072991,-0.0197422363431382,-1.254115518676626,0.0,-0.0603505657865542
731,VRRM,2022q1,1,0,0.0039518190882744,0.0589253748862869,-2.220426040548994,0.0065508897031217,0.0221210149642161
732,VRSK,2022q1,0,1,0.0146087847853039,0.6520954223081883,-2.5600347903355622,0.1632798137026596,-0.0030615969143315
734,VSEC,2022q1,0,0,0.0106355449896966,0.0270023655179273,-0.3259318205513508,0.0153772318810995,-0.2351124691595456
735,VTOL,2022q1,1,0,-0.0041088735370083,-0.0150034794711203,-0.2281358539080333,0.0452918659919891,-0.0862944162436548
736,VVI,2022q1,0,0,-0.0395758029775183,-0.1635148849797023,-2.393369819433442,0.023474160679837,-0.4461384152457372
737,VVX,2022q1,0,0,0.0067823706706067,0.0062545046673282,-0.1727092835562884,0.0115608221523138,-0.2969111157806262
738,VYNT,2022q1,0,0,-0.2209688586783637,-30.24092409240924,-0.6172757682825727,0.0074087737096129,-0.7566844919786097
739,VZ,2022q1,0,1,0.0214088870591903,0.1364963938725636,-0.9209401945998348,0.047216966170471,-0.0506027644237435
740,WBD,2022q1,0,1,0.036145592947437,0.144349477682811,0.0473224165349317,0.0234918192845942,-0.5625814863102998
741,WDAY,2022q1,0,1,-0.0012187614696147,-0.0532307372573013,-2.584240883447063,0.1241077658199905,-0.4153472396749602
743,WEN,2022q1,1,0,0.0079097040463807,0.0765425883518233,-2.342114173598242,0.0168321649497878,-0.1748572327036023
744,WERN,2022q1,1,0,0.0199223319203785,0.0702964275671752,-0.6987221977108392,0.0018874861930384,-0.1246548971559504
745,WEX,2022q1,0,1,0.0110648143518537,0.1710377075946554,-1.423756794817886,0.0139077515363449,-0.1977307890665291
746,WH,2022q1,0,1,0.0135898544320983,0.2857142857142857,-1.9065580130469768,0.0048928238583411,-0.0765523942800812
747,WHLM,2022q1,0,0,0.0308158906973146,0.0443977170321417,-0.1030475056819614,0.0142592443406106,-0.122
750,WK,2022q1,0,1,-0.0030163300658429,-0.1426114718447799,-5.494540500498054,0.0016327156204254,-0.407257702326417
751,WLDN,2022q1,0,0,-0.0095625863811184,-0.0410832117424159,-0.7873806028453096,0.0609491410833912,-0.267268862911796
752,WM,2022q1,0,1,0.0078067938971863,0.1100622184080669,-2.218728718525448,0.0148875731544542,0.1090133518879564
753,WMB,2022q1,0,1,0.0093566202858589,0.1505546751188589,-1.067103355338493,0.0352884970357662,0.2434903000903253
754,WMG,2022q1,0,1,0.0047214108425051,0.066860465116279,-4.724144599289421,0.0074540547487469,-0.3127145559062457
755,WORX,2022q1,0,0,-0.04914291140708,-0.6077371431564508,-0.7191528569953124,0.0,-0.6264373563218391
756,WOW,2022q1,1,0,0.0037398398444287,0.0326460481099656,-0.9716830796876204,0.0146718552797644,-0.1207146306132303
757,WSC,2022q1,1,0,0.0110281752200196,0.1005533568876819,-0.8586244666499686,0.012536846340751,0.1632579834947972
758,WTRH,2022q1,0,0,-1.354836586706012,-2.203652968036529,0.1342114885615228,0.0148132374540669,-0.9142134831460674
759,WU,2022q1,0,1,0.0397710761354921,0.2537855844942459,-3.0399100130029755,0.0,-0.2447095604116659
761,WWE,2022q1,1,0,0.0141276605873417,0.198054869125021,-2.4548283740990477,0.1847507684599003,0.0889216029663445
763,WYY,2022q1,0,0,-0.0119755401375869,-0.0175114697401921,0.2155172119269477,0.0087592187940888,-0.6707988980716253
764,XGN,2022q1,0,0,-0.0788113723208866,-0.9882624591110256,-0.5373358525904569,0.0077758841073711,-0.6170780520346898
766,XM,2022q1,0,1,-0.0176146616149975,-0.8709298757325404,-2.1280144506189207,0.0062654271508247,-0.6729411764705883
767,XMTR,2022q1,1,0,-0.0123311040346151,-0.2391748634532872,-1.3753688691315251,0.0074370145811195,-0.611740473738414
768,XPO,2022q1,0,1,0.0583945467020724,0.1405125251943564,-1.6543400514240865,0.0875536480686695,-0.4064301754334071
770,XSPA,2022q1,0,0,-0.0398676474899779,-0.1781021290751829,-0.2019076144239271,0.0375072535124584,-0.5516233766233767
772,YELP,2022q1,1,0,-0.0003772599101873,-0.0033076911953959,-1.2084716569671112,0.0393623924065896,-0.3050550550550551
773,YEXT,2022q1,0,0,-0.0255676206223738,-0.2289660365394523,-1.4507210927444505,0.0303787469673644,-0.6655003498950314
774,YOU,2022q1,1,0,-0.0025631214302923,-0.1140613437303261,-2.023866140563717,0.0,-0.5
776,YUMC,2022q1,0,1,0.0056564284508903,0.0374812593703148,-0.8319367043608733,0.0,-0.2609933321017754
777,Z,2022q1,0,1,0.001294956874506,0.0037585153864223,-0.9450788313834758,0.1152173913043478,-0.7402225495009
778,ZD,2022q1,1,0,0.0053632715034288,0.0778784262444932,-0.8970821410338292,0.0072229770327402,-0.4581606688476918
779,ZDGE,2022q1,0,0,0.0265119495428681,0.3362255965292842,-0.8352941004604854,0.0,-0.8435632808256383
780,ZEN,2022q1,0,1,-0.0045667263635721,-0.1723959446548913,-3.802579052315352,0.069331389445988,-0.4868366357212139
781,ZI,2022q1,0,1,0.0002666235434845,0.0256516342573438,-2.4240521788024,0.0011698102307847,-0.3628522139160436
782,ZIP,2022q1,1,0,0.0030817926159794,0.0370368740649476,-2.596256525114098,0.0132938472438273,-0.4067253803042434
783,ZM,2022q1,0,1,0.0139918089294569,0.4579540702797151,-1.802833820679737,0.0,-0.7210293775676303
784,ZNGA,2022q1,0,1,-0.0023414832484716,-0.0354456018518518,-1.2810765460032787,0.0030546075085324,-0.2304797742238947
785,ZS,2022q1,0,1,-0.002949966037591,-0.3929363796793745,-4.144926782238001,0.0081192524755152,-0.3080162917708045
786,ZUO,2022q1,1,0,-0.0183484228971962,-0.3879283729546156,-2.419383576139898,0.0297381088357673,-0.4811594202898551
787,ZVO,2022q1,0,0,-0.2662880197552785,-0.1206658770463874,-0.9077662174892625,0.0,-0.6254440154440154
788,ZY,2022q1,0,0,-0.2419844617392163,-15.0523898977249,0.1436699903245252,0.09357170703458,-0.9692576855786056
